2226860,632192,"Sequi ut ut quisquam sed illum et nisi hic.","2018-08-29","Kathryne51","Bryce.Jakubowski2@hotmail.com",0,26
2226861,632192,"Nulla aut quia natus.","2019-04-04","Ima21","Conor49@hotmail.com",0,20
2226862,632192,"Doloremque pariatur cumque et temporibus ducimus ex.","2018-12-09","Pattie.Kilback","Guillermo95@hotmail.com",0,12
2226863,632193,"Beatae autem ea harum numquam tempora repellendus temporibus in.","2019-04-07","Ashlee73","Urban_Heathcote50@gmail.com",0,11
2226864,632193,"Voluptas sed veritatis nam.","2019-04-25","Anika_Hudson","Thea6@gmail.com",0,24
2226865,632193,"Placeat illo ut.","2019-06-01","Verona4","Justice_Feil56@gmail.com",0,0
2226866,632193,"Voluptas assumenda numquam.","2018-11-14","Onie_Connelly61","Darrion_Labadie95@gmail.com",0,17
2226867,632193,"Cum consequatur numquam dignissimos et non repellat asperiores impedit.","2018-08-24","Alanna27","Gianni.Murazik40@hotmail.com",0,4
2226868,632194,"Necessitatibus est cum quo esse sunt voluptates qui veritatis sint.","2019-03-10","Quincy_Harris","Elfrieda_Bailey87@yahoo.com",1,8
2226869,632194,"In odio velit sint officiis.","2018-12-21","Trey_Rippin","Jean0@yahoo.com",0,19
2226870,632194,"Culpa ut quis dolores illum possimus non aut alias rerum.","2019-06-05","Dina.Dach","Felicita.Kuhic@hotmail.com",0,21
2226871,632195,"Non tempore fugit voluptatem.","2018-08-28","Shanelle.Heidenreich","Cristian_Will@hotmail.com",0,1
2226872,632195,"Laboriosam rerum aperiam ex doloremque eos.","2019-02-06","Kaley67","Emelia_Cormier53@hotmail.com",0,12
2226873,632195,"Quia est quia sunt.","2018-10-26","Jimmie51","Astrid_Skiles52@yahoo.com",0,9
2226874,632195,"Eius velit dolores voluptatibus aspernatur fugit quasi impedit.","2019-01-26","Merritt.Bartoletti88","Grant.Jacobs41@gmail.com",0,29
2226875,632197,"Qui quos quis.","2019-03-21","Patricia_Baumbach","Enid70@gmail.com",0,28
2226876,632197,"Pariatur sunt ut officia voluptatem ipsum at praesentium tenetur.","2018-09-29","Kylie.Wilkinson","Luna_Yundt99@gmail.com",0,11
2226877,632197,"Et omnis sit.","2018-12-16","Gerardo_Effertz47","Dwight_Mueller20@hotmail.com",0,27
2226878,632199,"Temporibus saepe est dolore sed quia voluptatum cumque similique earum.","2019-07-19","Renee.Langosh24","Jaquelin56@yahoo.com",0,22
2226879,632199,"Expedita expedita minus et itaque illo facere.","2019-02-01","Clovis13","Ofelia_Littel@gmail.com",1,4
2226880,632200,"Blanditiis quia id impedit et.","2018-10-31","Teagan32","Erling16@yahoo.com",0,6
2226881,632200,"Blanditiis vel modi ut eos dolor recusandae voluptatem nobis.","2018-09-05","Candice87","Rocky.Buckridge83@gmail.com",0,15
2226882,632200,"Libero pariatur repudiandae et nulla alias.","2018-09-06","Vladimir73","Lazaro20@gmail.com",0,14
2226883,632201,"Cum rerum molestias hic.","2018-10-19","Lyda34","Nathanael.Kuphal@gmail.com",0,22
2226884,632201,"Sunt consequatur esse fugit id in ratione qui quas.","2018-08-20","Martina_Blanda71","Krystel_Hickle63@hotmail.com",0,27
2226885,632202,"Dolorum cupiditate fugit praesentium qui maxime voluptate accusamus culpa blanditiis.","2019-05-27","Maeve73","Virgil.MacGyver@yahoo.com",0,26
2226886,632202,"Officia quia quos et magnam itaque nihil.","2019-07-09","Ova.Hudson79","Oceane.Zulauf61@hotmail.com",0,11
2226887,632203,"Ab consequatur non.","2018-12-30","Cristobal_Schamberger","Fannie35@gmail.com",1,26
2226888,632203,"Omnis eligendi dolores ullam molestiae.","2019-07-27","Lillian.Koepp39","Doyle5@gmail.com",0,0
2226889,632203,"Dolorem ratione qui et quasi odit aut et impedit eos.","2019-03-07","Richie8","Lew.Marvin10@gmail.com",0,18
2226890,632203,"Pariatur temporibus molestiae in doloremque iure eveniet perspiciatis.","2019-01-25","Palma.Nienow16","Ernesto.Schumm@gmail.com",0,6
2226891,632204,"Aut atque sed et temporibus assumenda adipisci.","2019-05-19","Bobbie.Mueller","Willie.Kreiger@yahoo.com",0,16
2226892,632204,"Illum dolorem quibusdam voluptates.","2018-10-17","Giovani_Cummings","Madelyn_Welch84@gmail.com",0,10
2226893,632204,"Impedit doloribus soluta vel officiis sit autem blanditiis et.","2018-12-16","Stella.Hessel","Dana_Goyette@hotmail.com",0,18
2226894,632204,"Id officia blanditiis eum commodi earum voluptas provident necessitatibus blanditiis.","2019-04-09","Isabell.Renner44","Santino_Considine@gmail.com",0,22
2226895,632205,"Quae autem laudantium ad explicabo dolorem nostrum.","2019-05-10","Abraham_Mosciski58","Jake_Mohr@hotmail.com",0,14
2226896,632205,"Eaque aliquam ipsa.","2018-10-03","Cathryn.Schamberger40","Khalid_Kuvalis39@hotmail.com",0,8
2226897,632205,"Dolores hic ipsa amet accusamus molestiae aut velit.","2019-02-20","Irma31","Celestine_Schaden0@gmail.com",0,18
2226898,632205,"Nesciunt et optio vel consectetur est ex.","2019-02-10","Elza74","Justen.Wuckert@yahoo.com",0,11
2226899,632206,"Animi facilis et et et tenetur veniam officiis.","2018-12-01","Owen_Barrows64","Bud82@yahoo.com",0,2
2226900,632207,"Esse nesciunt recusandae et reiciendis ab enim laudantium.","2018-11-02","Teagan_Batz","Alene_OHara@yahoo.com",0,5
2226901,632207,"Autem maxime culpa fuga sit id sed consequatur ab ipsa.","2018-09-15","Della29","Marco.Stamm@hotmail.com",0,19
2226902,632207,"Quaerat assumenda excepturi beatae magnam et sed.","2019-06-04","Lewis_Marquardt54","Felton.Gorczany74@yahoo.com",0,16
2226903,632208,"Dolores corporis aliquid ea sit nostrum aut.","2018-09-16","Benjamin53","Pierre27@gmail.com",0,26
2226904,632208,"Dolorem ut eaque reiciendis sint error explicabo necessitatibus modi.","2019-04-18","Luisa_Gottlieb","Lamont_Bosco@hotmail.com",0,1
2226905,632208,"Veniam quia in.","2019-03-23","Vida_Gleason","Makenzie_Predovic@gmail.com",0,23
2226906,632208,"Ut qui dolorem dolorem qui nihil sequi facilis ullam.","2019-07-11","Martine_Mayert","Lavon.Weimann@yahoo.com",0,14
2226907,632208,"Voluptatem maiores laudantium eum explicabo porro et fugiat.","2019-01-21","Telly.Padberg48","Chad_Gottlieb@gmail.com",0,1
2226908,632208,"Molestiae voluptas quae voluptatum non nihil saepe eligendi.","2019-02-07","Murphy_Franecki78","Daren_OKon94@yahoo.com",0,27
2226909,632208,"Accusantium aut id qui quidem.","2018-12-16","Candido_Schoen","Fatima.McKenzie@yahoo.com",0,22
2226910,632208,"Est neque harum ut et vitae dolorem et dolorem sed.","2018-11-19","Waylon84","Winifred53@gmail.com",0,17
2226911,632208,"Maiores fuga fuga consequatur totam explicabo.","2019-03-25","Jana_Bogisich","Mose.Strosin25@gmail.com",0,16
2226912,632209,"Sed nihil inventore veritatis voluptatum qui ea necessitatibus occaecati.","2019-05-11","Darrel72","Anibal_Bednar85@hotmail.com",0,28
2226913,632209,"Culpa et ad quis magnam quia.","2018-08-17","Esperanza_Aufderhar","Marjorie.Lind@gmail.com",0,28
2226914,632209,"Repellat nisi sequi deleniti sit.","2019-05-11","Janae_Skiles54","Everardo81@hotmail.com",0,24
2226915,632209,"Qui dolore aut.","2019-03-16","Valentine91","Wendell77@gmail.com",0,13
2226916,632210,"Qui expedita vero rerum quo possimus porro aut.","2019-02-25","Brenden_Koepp","Alva_Lesch@gmail.com",0,0
2226917,632210,"Nobis est commodi debitis qui.","2018-08-22","Judson.Pfannerstill","Ernestina.Schmidt18@hotmail.com",0,12
2226918,632211,"Id pariatur nihil veritatis corporis mollitia.","2019-04-14","Ines88","Gus18@gmail.com",0,25
2226919,632211,"Non nisi voluptas maxime eligendi possimus.","2018-12-11","Lauriane.Hessel","Okey_Renner@gmail.com",0,1
2226920,632211,"Perspiciatis ea voluptatem.","2019-07-08","Suzanne_Langworth38","Hettie67@gmail.com",0,0
2226921,632211,"Omnis aut nostrum id sit deleniti qui.","2019-02-19","Armani_Schowalter","Julie_Leffler94@gmail.com",0,19
2226922,632211,"Aut facere numquam corporis praesentium quas earum tempore temporibus.","2019-05-10","Kurtis.Bahringer40","Noemi.Muller29@gmail.com",0,17
2226923,632211,"Quia rerum dolorem.","2018-11-25","Cedrick.Hahn91","Arvilla54@hotmail.com",0,20
2226924,632212,"Ratione nostrum commodi magni ea molestiae eveniet ducimus ipsa sit.","2019-01-29","Kaitlyn_Sauer","Olga_Ferry@gmail.com",0,13
2226925,632212,"Aliquid qui error sapiente ut quaerat consectetur voluptas dolorum quidem.","2019-07-27","Jamar.Lockman71","Chanelle_Treutel35@gmail.com",0,4
2226926,632212,"Voluptates cum quos perferendis possimus.","2018-09-13","Kelvin.Wuckert15","Macy_Kirlin@gmail.com",0,18
2226927,632212,"Dolores non dolor distinctio sed.","2018-11-05","Magnus_Bayer8","Hobart.Rippin@yahoo.com",0,22
2226928,632212,"Aut qui est qui qui nesciunt architecto amet delectus.","2019-03-16","Darwin.Haley6","Kurt52@yahoo.com",0,19
2226929,632212,"In quam deleniti accusantium.","2018-08-05","Queen15","Cierra_OReilly42@hotmail.com",0,29
2226930,632213,"Est velit nihil provident.","2019-07-04","Devyn56","Hettie64@yahoo.com",0,18
2226931,632213,"Neque iusto rerum accusantium enim deserunt sapiente ut laudantium et.","2019-04-03","Camille.Boyle33","Augustine.Roberts79@hotmail.com",1,11
2226932,632213,"In dolores ut eveniet ut blanditiis itaque veritatis.","2018-09-24","Rico_Fritsch83","Brayan.Huels@yahoo.com",0,20
2226933,632214,"Qui minima explicabo nesciunt sed.","2018-10-28","Ryleigh92","Destinee.Schaefer43@yahoo.com",1,12
2226934,632215,"Incidunt maiores sit minima dicta vel dicta id.","2018-09-03","Daija98","Alejandra72@yahoo.com",0,4
2226935,632215,"Voluptatibus vero quas et et ea ipsam nihil aperiam ab.","2018-12-30","Lester.Rosenbaum24","Oceane.Turner40@yahoo.com",0,18
2226936,632215,"Voluptatem quae ipsum delectus.","2019-04-09","Celestino.Johnston17","Jarrell32@yahoo.com",0,27
2226937,632215,"Porro sint pariatur optio deleniti qui assumenda natus.","2018-08-06","Florence35","Brionna_Gaylord0@yahoo.com",0,19
2226938,632215,"Eos nisi ducimus et et.","2019-02-03","Madison_Bernhard","Greyson_Dickinson@yahoo.com",1,16
2226939,632215,"Vitae eum et et.","2019-03-05","Kaitlyn.Powlowski61","Gail_Klocko77@hotmail.com",0,24
2226940,632215,"Quia amet atque error nemo et sit.","2018-12-14","Braxton.Kertzmann","Velda63@hotmail.com",0,5
2226941,632215,"Quam culpa eligendi.","2018-08-14","Emmie_Zulauf56","Ricardo_Zboncak@yahoo.com",0,16
2226942,632215,"Repudiandae id minus velit beatae dolore eum consequatur reprehenderit officiis.","2019-06-04","Colt6","Stan38@hotmail.com",0,20
2226943,632216,"Et sed commodi aut ut quos officiis ea.","2019-03-24","Shanny_Maggio66","Murl8@yahoo.com",0,14
2226944,632216,"Cumque corrupti distinctio harum.","2018-08-06","Samantha_Rutherford59","Dawn45@gmail.com",0,29
2226945,632216,"Est iure corrupti molestiae.","2019-04-02","Polly.Erdman60","Elliott.Boehm36@yahoo.com",0,17
2226946,632216,"Sit ipsum perspiciatis quasi nisi mollitia.","2019-06-08","Clementine98","Jeremie75@hotmail.com",0,5
2226947,632216,"Ut aut sed aut qui et corporis fugit et voluptate.","2019-07-13","Nola.Casper","Dina.Wilderman@yahoo.com",0,3
2226948,632216,"Magni dolor non tempora quae fugiat dolorem odit voluptas.","2018-09-08","Belle43","Selmer.Huels78@hotmail.com",0,23
2226949,632217,"Inventore a enim qui quae rem.","2018-09-10","Fay15","Dina_Rippin84@gmail.com",0,5
2226950,632217,"Id sunt eaque reiciendis.","2019-06-15","Vicente68","Myra24@gmail.com",0,14
2226951,632217,"Atque dolorem laborum.","2019-02-15","Kristy59","Anastasia_Kuhic15@gmail.com",0,21
2226952,632217,"Sed aliquid rerum totam quasi placeat id.","2019-03-06","Adam.Borer","Carli_Stokes67@gmail.com",0,22
2226953,632217,"Occaecati soluta ut quisquam quaerat aut velit qui eius.","2019-01-24","Cooper19","Winfield_Schinner@yahoo.com",0,2
2226954,632217,"Vel dolor aut est officiis suscipit.","2018-11-16","Alayna.Weber53","Johathan.Lindgren@hotmail.com",0,4
2226955,632218,"Excepturi vel iusto non est laboriosam.","2019-03-01","Ronny_Greenfelder","Kristin_Koss@yahoo.com",0,29
2226956,632218,"Necessitatibus et natus numquam.","2018-12-31","Lenore.Beatty4","Kailee39@gmail.com",0,29
2226957,632218,"Explicabo dolorem dicta iusto sit debitis.","2019-05-23","Brain.Dooley","Anjali86@gmail.com",0,8
2226958,632219,"Et autem sapiente assumenda et.","2018-10-24","Willis.Jerde","Dexter.Bartoletti@gmail.com",0,22
2226959,632219,"Minima qui sed quas ut corporis molestias.","2019-07-18","Rick.Hodkiewicz73","Robin_Gislason30@yahoo.com",0,12
2226960,632220,"Quia facilis neque natus quia omnis quia eligendi.","2018-09-11","Cheyanne55","Ramon36@yahoo.com",0,4
2226961,632220,"Qui id vitae numquam.","2018-12-31","Laurence_Stroman","Nedra23@gmail.com",0,27
2226962,632220,"Natus ducimus placeat animi ea labore dolor atque eum.","2018-09-14","Gregg28","Dina.Schumm@hotmail.com",0,6
2226963,632220,"Fugit rem repudiandae tenetur excepturi eligendi id dolorem explicabo.","2019-06-21","Precious.OConnell","Frank.Pouros@yahoo.com",0,4
2226964,632221,"Dolorem voluptatem in id dicta error eius.","2018-10-06","Brandon96","Nettie_Osinski@yahoo.com",1,15
2226965,632221,"Itaque eius unde consequatur itaque ipsa reiciendis quis.","2018-11-15","Rhea.Heller84","Bobby85@gmail.com",0,11
2226966,632221,"Vel qui sequi minus cumque et aut aliquam aut saepe.","2019-06-02","Pinkie69","Jackie_Rolfson25@hotmail.com",0,22
2226967,632221,"Vel aspernatur necessitatibus nostrum quia et qui quis ea.","2019-02-16","Rickie8","Willie_Glover@gmail.com",0,28
2226968,632221,"Nobis voluptas voluptatem iusto aut.","2019-04-08","Daisha.Hoeger","Turner_Romaguera@hotmail.com",1,4
2226969,632221,"Soluta delectus accusamus velit voluptate nam voluptatum.","2019-06-19","Kenna.West","Taya22@gmail.com",0,9
2226970,632222,"Dolores vel voluptatibus et voluptatum voluptas ut alias.","2018-11-01","Christiana90","Ollie79@hotmail.com",0,21
2226971,632222,"Iste commodi quam rem quasi veritatis soluta eos.","2019-04-03","Carli.Bosco10","Markus60@yahoo.com",0,1
2226972,632222,"Magnam commodi est deserunt omnis modi accusamus ad.","2019-05-11","Irwin.Hessel","Manley24@hotmail.com",0,24
2226973,632222,"Ut exercitationem voluptate quis nemo explicabo laboriosam ea.","2018-08-05","Owen_Dietrich","Chris.Christiansen57@gmail.com",0,11
2226974,632223,"In ipsa non vitae delectus officiis blanditiis vitae id.","2019-04-16","Tito.Romaguera85","Delilah.Gaylord36@yahoo.com",0,28
2226975,632223,"Nulla harum molestiae dolore.","2019-04-09","Sydnee_Mills46","Fritz.Stoltenberg@hotmail.com",0,0
2226976,632223,"Voluptate possimus hic vel itaque vero ipsa quo voluptas nulla.","2019-07-03","Grady89","Ava53@yahoo.com",0,8
2226977,632224,"Voluptatem architecto voluptatem ipsum atque eaque iste.","2019-02-08","Lucile.Considine74","Frederick.Klocko26@gmail.com",0,12
2226978,632224,"Quas vel possimus.","2018-12-04","Paula0","Elroy_Senger22@gmail.com",0,9
2226979,632225,"Deleniti quia inventore esse vitae ex qui possimus.","2019-02-13","Mariano.Howe","Leone74@hotmail.com",0,5
2226980,632226,"Blanditiis non dolorem sunt sit.","2019-07-12","Pauline_Larson0","Haylee79@hotmail.com",0,14
2226981,632226,"Enim error voluptatem.","2019-05-27","Dorothea.Hoeger39","Leatha.Klocko@yahoo.com",0,4
2226982,632226,"Magnam a repellendus et consequatur debitis vel.","2018-12-10","Luigi35","Lula60@hotmail.com",0,12
2226983,632226,"Ex sed neque mollitia sit sit omnis sit aut.","2018-12-07","Janiya7","Mateo_Zemlak@gmail.com",0,18
2226984,632227,"Consectetur unde sed aliquid magni.","2019-06-29","Humberto97","Sylvan_Langworth67@hotmail.com",1,16
2226985,632227,"Laudantium qui quasi suscipit adipisci commodi deserunt quo autem.","2019-07-18","Gregoria_Cassin","Naomi.Mills44@yahoo.com",0,8
2226986,632227,"Id et est officiis ullam dolore vero beatae dignissimos sit.","2018-08-27","Abigale_Predovic2","Fabian35@hotmail.com",0,20
2226987,632227,"Dolor nemo repudiandae tempore ut aspernatur.","2018-10-07","Kiana.Boehm","Noemie.Olson89@yahoo.com",0,5
2226988,632227,"Omnis ut sequi.","2018-08-18","Katheryn31","Shayna_Dibbert73@yahoo.com",0,6
2226989,632228,"Excepturi praesentium iure repellendus veritatis eius neque.","2019-02-14","Jaydon.Kerluke20","Devin.Corkery55@hotmail.com",0,22
2226990,632228,"Voluptates incidunt sequi a.","2019-01-09","Pearl.Keeling6","Shad.Rosenbaum10@hotmail.com",1,23
2226991,632228,"Nisi aut ut.","2019-01-17","Trevion.Jaskolski38","Keaton_Robel41@hotmail.com",0,28
2226992,632228,"Qui aspernatur atque quod.","2018-11-17","Courtney.Gleason","Dallas_Kreiger@hotmail.com",1,23
2226993,632228,"Vitae quia temporibus asperiores voluptatem nihil autem qui ea facere.","2018-08-03","Beau.Botsford","Hillary_Gibson@hotmail.com",0,23
2226994,632228,"Et porro temporibus.","2018-12-09","Percival.Schinner","Everette_Fadel89@yahoo.com",0,7
2226995,632228,"Quis repellat qui corporis beatae voluptas ut cumque officiis.","2018-07-30","Keagan57","Leonor_Cummerata@yahoo.com",0,28
2226996,632229,"Modi voluptas perspiciatis reprehenderit vel fugiat.","2019-06-08","Peyton.Hammes","Mortimer6@gmail.com",1,26
2226997,632229,"Repellat vel modi ut.","2019-05-03","Donnell.Little","Timmothy42@hotmail.com",0,24
2226998,632229,"Deserunt pariatur ducimus sunt aliquid dolor consequatur ullam voluptate corporis.","2018-08-17","Magdalen.Wintheiser5","Jane69@hotmail.com",0,6
2226999,632229,"Veritatis molestiae laborum tempora ut sit commodi voluptatem at.","2018-09-14","Al.Cormier","Bridie.Medhurst11@hotmail.com",0,7
2227000,632229,"Aspernatur non nihil in perferendis voluptatum magni.","2018-11-01","Tressa.Hills95","Angelina.Schaden39@hotmail.com",0,20
2227001,632231,"Odio quia molestias dolorem quis.","2018-12-17","Shane_Block","Alberto.Hirthe63@gmail.com",0,19
2227002,632231,"Commodi velit natus quaerat deserunt saepe iure.","2018-11-13","Shad.Crooks","Newton_Durgan62@gmail.com",0,17
2227003,632231,"Culpa a dolorem dolore.","2019-05-02","Naomie.Flatley2","Andres.Rempel7@yahoo.com",0,20
2227004,632232,"Aut quia impedit iure aut qui.","2019-07-19","Freida_Veum97","Valentina9@yahoo.com",0,18
2227005,632232,"Consequatur commodi maiores assumenda qui quia.","2018-10-20","Alisha.Kreiger","Maryjane_Koch@yahoo.com",0,4
2227006,632232,"Id maiores ea omnis.","2018-09-26","Lonny.Graham","Brown98@gmail.com",0,12
2227007,632234,"Atque sequi dicta a magni ut.","2018-10-09","Mitchel.Wilderman3","Armando60@yahoo.com",0,17
2227008,632235,"Veniam perspiciatis facilis accusantium consequatur et ea sed aut minus.","2018-12-14","Kiarra.Murray","Hope.Keebler@hotmail.com",0,3
2227009,632235,"Est est sunt consectetur nulla et facilis quasi cum natus.","2018-08-04","Melba_Yundt","Catalina.Bailey@yahoo.com",0,29
2227010,632235,"Sunt consectetur explicabo minus sed consequatur voluptatem ut magnam illo.","2019-04-06","Heidi.Kutch","Alfred85@gmail.com",0,26
2227011,632235,"Nemo iure tenetur eos mollitia consequatur dolores.","2019-06-17","Shayne.Walker","Elna_Hilll69@yahoo.com",0,24
2227012,632236,"Fuga sunt laborum voluptas consequatur quasi rerum magnam voluptas.","2018-10-16","Aurelio95","Casandra86@gmail.com",0,8
2227013,632236,"Aliquam voluptates esse soluta nam ullam dolores dolore labore fugiat.","2018-12-08","Francisco.Cronin","Jamie62@hotmail.com",0,2
2227014,632236,"Quasi in et.","2018-10-22","Jaren_Mertz","Carolyn_Shields56@hotmail.com",0,19
2227015,632237,"Tenetur maiores non veritatis aliquid doloremque est in esse.","2019-07-10","Nelda40","Max_Bruen@yahoo.com",0,6
2227016,632237,"Beatae voluptate est dolores id quidem odit beatae deserunt.","2019-06-11","Earl_Feil94","Courtney.Hane@gmail.com",0,11
2227017,632237,"Qui veritatis rerum ipsa quaerat explicabo illum ex voluptatibus molestiae.","2019-01-01","Tristian_Pollich","Travis39@gmail.com",0,19
2227018,632237,"Unde velit consequuntur at.","2019-03-28","Deontae52","Arne79@gmail.com",0,29
2227019,632237,"Totam voluptates ea totam voluptate nihil consectetur.","2018-11-06","August18","Zoey.Kertzmann@gmail.com",0,23
2227020,632237,"Sunt error sequi a et ut excepturi in.","2019-05-23","Misty.Wuckert32","Jasper_Halvorson@gmail.com",0,12
2227021,632237,"Cum dolorem qui recusandae magnam.","2019-05-27","Theodore.Cronin","Gennaro31@yahoo.com",0,1
2227022,632238,"Et officia in dolore adipisci asperiores nihil.","2019-06-25","Dusty61","Kody.Grady50@yahoo.com",0,5
2227023,632238,"Facilis provident ut voluptas.","2018-09-01","Alberta_Braun13","Izaiah7@yahoo.com",0,26
2227024,632239,"Eveniet fugiat minus.","2018-10-21","Mallory2","Rosario.Bruen90@hotmail.com",0,3
2227025,632240,"Non et dolores rerum est et.","2018-10-10","Abraham.Bartoletti","Omer29@gmail.com",0,20
2227026,632240,"Omnis maxime et qui commodi dignissimos esse earum amet ut.","2019-05-18","Bria_Schulist67","Finn_Sporer34@yahoo.com",0,29
2227027,632240,"Dolor voluptatem aut quibusdam eligendi.","2019-04-22","Jayden.Keeling44","Kallie.Ondricka@gmail.com",0,3
2227028,632240,"Quidem deleniti nam maiores voluptates rerum placeat quidem dolor fugiat.","2018-10-31","Ashley.Flatley19","Dallin_Goldner34@yahoo.com",0,0
2227029,632241,"Quia minus ad sit impedit alias quaerat sunt.","2019-05-25","Karley_Schaden","Ivory.Howell19@hotmail.com",0,22
2227030,632241,"Et rerum quaerat quis et omnis in.","2019-03-30","Elaina60","Florine.Powlowski@hotmail.com",0,7
2227031,632241,"Accusantium eum recusandae ea.","2018-09-07","Ariel_Crona","Erich.Smith@hotmail.com",0,3
2227032,632241,"Provident minus sunt adipisci ex voluptate non aut.","2018-10-04","Kasey.Aufderhar","Rosalinda41@yahoo.com",0,13
2227033,632241,"Placeat voluptatem ut aspernatur enim animi rem sed incidunt.","2018-12-10","Dolores_Conn72","Constantin22@hotmail.com",0,3
2227034,632241,"Unde earum laborum ut sint culpa.","2019-02-07","Korbin93","Luis77@hotmail.com",0,6
2227035,632241,"Dignissimos dolorum doloremque consequatur vero facere non.","2019-04-10","Berniece_Kirlin28","Mariam29@yahoo.com",0,22
2227036,632242,"In accusantium delectus ipsam rerum commodi voluptas distinctio alias ut.","2019-06-04","Bradley11","Conor_Bahringer@gmail.com",0,19
2227037,632242,"Id est error repellendus omnis a distinctio minima aperiam.","2018-10-10","Mayra_Gaylord","Arch_Simonis18@yahoo.com",0,26
2227038,632242,"Dolorem deserunt tempora placeat in.","2018-09-20","Terrill_Johnson5","Irving.Ondricka@hotmail.com",0,10
2227039,632242,"Quos sunt voluptatem qui optio laudantium est.","2018-09-15","Alberto.Stamm19","Renee.Wunsch@hotmail.com",0,25
2227040,632242,"Vel aliquid et necessitatibus est.","2018-10-29","Sigmund26","Kathlyn.Smith62@yahoo.com",0,4
2227041,632242,"Rem esse labore nesciunt.","2019-03-22","Gerardo.Moen34","Keyshawn_Kassulke14@hotmail.com",0,15
2227042,632242,"Quam et qui nulla temporibus.","2019-07-14","Saige.Mills50","Zachary.Haley@yahoo.com",0,22
2227043,632243,"Minus libero et earum.","2018-12-27","Kaylee64","Lavonne.Crona22@hotmail.com",0,12
2227044,632244,"Ullam itaque consectetur quod quaerat.","2019-07-15","Darion81","Jesse62@gmail.com",0,19
2227045,632244,"Delectus distinctio vitae.","2018-11-28","Jake.Murazik","Reyes46@gmail.com",0,11
2227046,632244,"Quo quia hic dolorum incidunt occaecati aut dolore.","2019-06-29","Demario.Kreiger33","Blake_McKenzie@yahoo.com",0,11
2227047,632245,"Quia et nihil cumque at sint.","2018-08-22","Kacie32","Maurice98@yahoo.com",0,24
2227048,632245,"Quaerat quaerat numquam quibusdam hic commodi.","2019-05-17","Curt_Paucek86","Lazaro.Skiles@yahoo.com",0,1
2227049,632245,"Eos soluta beatae quia ut quisquam qui.","2018-09-01","Sandra76","Derick.Marks33@yahoo.com",0,15
2227050,632246,"Est tempore illo quasi facilis hic ipsum ut optio.","2019-03-17","Vidal31","Jarod63@yahoo.com",0,8
2227051,632246,"Quo explicabo sapiente alias voluptate.","2019-05-30","Dolly_Steuber4","Daphne37@yahoo.com",0,18
2227052,632246,"Dolorem ut quo.","2019-03-05","Scottie.Dicki85","Iliana38@gmail.com",0,6
2227053,632246,"Voluptas ea nam molestiae qui.","2019-07-13","Kaitlin_Heaney7","Narciso7@hotmail.com",0,13
2227054,632247,"Sequi quisquam minima.","2018-10-30","Reed.Schroeder","Angelina_Bergstrom@yahoo.com",0,18
2227055,632247,"Odit distinctio error ad.","2019-01-07","Columbus_Dickens","Arnulfo_Schmidt2@yahoo.com",0,2
2227056,632247,"Itaque ut ipsam quam porro consequatur ratione quis asperiores doloribus.","2019-05-12","Reina37","Maritza_Beier@gmail.com",0,22
2227057,632248,"Iste debitis aut minima nisi repudiandae ipsa unde est ratione.","2019-05-15","Jeanette3","Aletha_Rice25@hotmail.com",0,19
2227058,632248,"Omnis incidunt cumque molestiae aut nesciunt soluta est earum accusamus.","2018-10-23","Ayla.Lockman80","Hillary.Simonis@gmail.com",0,26
2227059,632248,"Iste nemo placeat iste totam.","2018-12-18","Adrienne39","Earnest.Kertzmann@yahoo.com",0,16
2227060,632248,"Ad consectetur modi praesentium expedita quia maiores.","2018-12-15","Earline_Hickle","Aron19@yahoo.com",0,2
2227061,632248,"Sequi consectetur ut nulla similique magnam laborum nihil.","2019-03-01","Fay_Jenkins","Annetta.Gerlach32@hotmail.com",0,5
2227062,632249,"Adipisci aut rem numquam autem non omnis.","2019-01-30","Marcia_Huel84","Leanne_Tillman88@gmail.com",0,21
2227063,632249,"Unde qui quia.","2018-11-06","Jaunita.Oberbrunner95","Clare80@gmail.com",1,27
2227064,632249,"Molestias consequuntur perferendis consequatur quae aut.","2019-01-16","Columbus3","Bernadine_Rowe@gmail.com",0,28
2227065,632249,"Saepe sed sit impedit aliquid hic corrupti veritatis id in.","2018-10-31","Abdul66","Henderson_Feeney@gmail.com",0,25
2227066,632249,"Nesciunt quod corrupti hic ipsam consequuntur consequatur.","2018-09-13","Dorothea.Murazik39","Elna_Leannon88@hotmail.com",0,0
2227067,632249,"Placeat eum et.","2019-05-06","Cali5","Noelia_Walsh35@hotmail.com",0,1
2227068,632249,"Nulla et non quidem.","2019-04-03","Aliza_Champlin","Dayna_King3@gmail.com",0,1
2227069,632250,"Tempore fugit aut laborum dolorem rerum.","2019-07-21","Rory_Lockman","Madie.Wisoky@gmail.com",0,13
2227070,632251,"Dicta nisi eligendi nihil tenetur est iure.","2019-06-26","Magdalena.Spencer77","Georgette74@gmail.com",0,26
2227071,632251,"Delectus sed nihil cupiditate consequatur aliquam aliquid et necessitatibus asperiores.","2019-01-14","Ethel_Robel57","Teresa_Ryan@hotmail.com",1,1
2227072,632252,"Sit quia dolor dignissimos earum ex sequi laborum tempora.","2018-08-15","Allene67","Milan.Nolan@yahoo.com",0,13
2227073,632253,"Architecto consequatur repellendus.","2018-10-21","Webster29","Jordy.Denesik@yahoo.com",0,19
2227074,632253,"Accusantium cupiditate excepturi placeat ipsa.","2019-07-15","Jensen.Durgan45","Oscar.Gerhold30@gmail.com",0,9
2227075,632253,"Est recusandae a quod aperiam ullam et ut a.","2018-08-17","Oliver_Windler","Clyde93@gmail.com",0,1
2227076,632253,"Aliquam consequatur voluptas unde aliquid possimus deleniti nam et.","2019-05-31","Gladyce.DAmore23","Orland.Schmidt21@yahoo.com",0,18
2227077,632253,"Quisquam maiores ea.","2019-03-30","Stanley_Dibbert69","Stephon_Hamill70@yahoo.com",0,9
2227078,632253,"Veritatis exercitationem quis tenetur exercitationem quam at ipsam.","2019-05-18","Winifred_Yundt","Elwin.Legros76@hotmail.com",0,23
2227079,632254,"Quis eum voluptate qui quis molestiae rerum quam voluptatem.","2018-11-15","Raul.Kozey99","Dion0@hotmail.com",0,4
2227080,632254,"Rerum aut sequi accusamus dicta.","2018-12-21","Moshe_Douglas97","Mireille_Renner46@gmail.com",0,17
2227081,632254,"Tenetur est itaque.","2018-09-17","Toney30","Valentine_Legros@gmail.com",0,10
2227082,632254,"Deserunt voluptatem blanditiis praesentium nam.","2019-05-13","Gino.Anderson66","Lane10@hotmail.com",0,11
2227083,632254,"Iste praesentium voluptatem non sint eius pariatur est eos neque.","2019-05-22","Elsie.Hartmann47","Violette_Leuschke85@gmail.com",0,11
2227084,632254,"Architecto deserunt minima doloribus qui expedita amet.","2018-10-06","Florence_Greenfelder","Samantha.Fritsch36@gmail.com",1,26
2227085,632254,"Aut distinctio a harum aut repellendus blanditiis.","2019-04-26","Daryl.Hayes68","Marjory.Thompson@hotmail.com",1,18
2227086,632254,"Id delectus laboriosam amet.","2019-02-17","Jermain_Konopelski24","Josefa_Moen94@gmail.com",0,19
2227087,632254,"Ut aut ex aut.","2018-08-30","Sofia.Rolfson","Maxie16@yahoo.com",0,29
2227088,632255,"Exercitationem qui minima ab.","2018-09-12","Florida48","Tianna.Kuhn@gmail.com",0,16
2227089,632255,"Explicabo omnis voluptatum et ducimus et voluptas et.","2019-03-08","Eddie_Waelchi34","Carmella.Yost82@hotmail.com",0,20
2227090,632255,"Modi aliquam tenetur quo.","2018-08-19","Reynold48","Jesse_Batz87@gmail.com",0,13
2227091,632255,"Sit reiciendis voluptates sint.","2018-09-02","Emanuel28","Gennaro.Cartwright78@hotmail.com",1,0
2227092,632255,"Tempore vero accusamus enim dignissimos quibusdam quia dicta voluptatibus nam.","2018-08-03","Damaris50","Lisandro.Bartoletti17@hotmail.com",0,21
2227093,632256,"Quis aut eligendi explicabo consequatur facere suscipit laudantium.","2019-04-09","Wilburn.Lebsack","Darien_Romaguera34@gmail.com",1,29
2227094,632256,"Excepturi dignissimos dolorum blanditiis nam.","2018-12-29","Tamara84","Manuel_Vandervort72@gmail.com",0,15
2227095,632256,"Quis facilis quisquam debitis corrupti aspernatur.","2018-09-12","Zita88","Addison.Wiza@yahoo.com",0,1
2227096,632257,"Aliquid sit necessitatibus eos rerum minus quis quo.","2018-10-21","Bertram_Weimann","Talon.Cassin@hotmail.com",0,9
2227097,632257,"Ex illo temporibus est eaque dolores voluptates.","2019-06-11","Matt_Runolfsson49","Christina_Crona80@gmail.com",0,3
2227098,632257,"Debitis facilis voluptatem magnam est.","2018-08-30","Cecilia.Nienow55","Armand_Maggio@gmail.com",0,7
2227099,632257,"Officiis eum est.","2019-07-27","Leta2","Vena.Stiedemann@hotmail.com",0,4
2227100,632258,"Sint facilis excepturi architecto quis nostrum necessitatibus quia reiciendis dolore.","2019-03-21","Etha66","Maximilian.Baumbach@gmail.com",0,19
2227101,632258,"Et autem reiciendis repudiandae.","2019-01-25","Emmanuel69","Esteban2@gmail.com",0,13
2227102,632258,"Ullam quo voluptas quisquam sit.","2019-07-24","Oswaldo.Von27","Mario_Gleichner45@yahoo.com",0,14
2227103,632258,"Mollitia omnis reiciendis qui fugiat possimus temporibus.","2019-01-10","Leon_Becker29","Toney.Witting@hotmail.com",0,10
2227104,632258,"Odio nobis rerum animi eos perferendis quo.","2019-05-21","Kasandra_Toy","Myrtice_Gislason@hotmail.com",0,26
2227105,632258,"Aut doloremque id nostrum et in repellat sint laboriosam.","2018-10-13","Maxie_Pacocha96","Wilmer_Robel@hotmail.com",0,14
2227106,632258,"Vel qui doloribus esse quis quas est cum placeat aut.","2019-02-21","Lottie.Johnson","Janick.Nikolaus@yahoo.com",0,12
2227107,632258,"Non ratione non maiores esse hic dolor suscipit enim non.","2019-01-10","Kenny.Blanda","Aglae_Brekke@hotmail.com",0,25
2227108,632259,"Temporibus modi illum.","2019-05-28","Emanuel.Champlin","Tavares_Hayes@hotmail.com",0,16
2227109,632259,"Architecto in eos est voluptatem.","2018-11-20","Jasen12","Nash57@gmail.com",0,26
2227110,632259,"Ut aliquid aut maiores velit.","2019-05-24","Isaac.Conroy92","Arnulfo_Lakin@yahoo.com",0,7
2227111,632259,"In laudantium sit neque eius libero perspiciatis ut modi eligendi.","2018-08-02","Declan_Champlin43","Macy.Nienow@gmail.com",0,27
2227112,632260,"Quod sequi maiores aut quibusdam omnis doloribus qui.","2018-11-12","Kenyon_Harris","Josephine.Heller70@gmail.com",0,25
2227113,632260,"Animi omnis ut reprehenderit aperiam voluptate officia molestias temporibus.","2019-03-23","Baron39","Dorris.Kirlin77@hotmail.com",0,27
2227114,632261,"Eum temporibus quia iusto et dicta.","2018-08-22","Tyrel_Zemlak","Zack_Swift57@yahoo.com",0,0
2227115,632261,"Alias nisi aut facere harum omnis reiciendis aliquid porro dolor.","2018-11-16","Syble.Baumbach48","Chelsie1@yahoo.com",0,14
2227116,632261,"Corrupti ab suscipit qui dolore quod nisi consequuntur ut voluptas.","2018-11-18","Gladys.Wyman","Orval_Gerlach83@hotmail.com",0,28
2227117,632261,"Magnam aliquid magnam iste nesciunt omnis maiores occaecati ratione molestiae.","2019-05-10","Madaline21","Maribel_Marvin39@hotmail.com",0,8
2227118,632261,"Et quasi enim expedita quasi debitis nobis odio voluptatem.","2018-10-28","Ophelia90","Ayla30@hotmail.com",0,23
2227119,632261,"Similique aut commodi veniam.","2019-06-10","Eryn.Weber71","Dixie63@hotmail.com",0,11
2227120,632262,"Nisi soluta voluptas est quae sed consequatur officiis.","2019-01-29","Arthur82","Coleman.Reynolds@gmail.com",0,16
2227121,632262,"Ut ex pariatur quis qui.","2019-05-31","Nettie_MacGyver","Bruce96@hotmail.com",0,18
2227122,632262,"Consequatur blanditiis et et quae veritatis id aspernatur aspernatur.","2019-03-08","Margaretta.Okuneva","Ezra71@hotmail.com",0,1
2227123,632262,"Quod sunt molestiae est quo iure molestiae nemo consequatur.","2019-05-01","Karianne74","Omari53@yahoo.com",0,23
2227124,632263,"Quia reprehenderit explicabo qui dolore.","2019-07-26","Dameon96","Dakota.Bartoletti@gmail.com",0,4
2227125,632263,"Consequatur quis eius harum nobis fugit praesentium.","2018-11-26","Rasheed.Raynor","Carol_Pagac26@yahoo.com",1,11
2227126,632263,"Consequatur in consequatur inventore ut repellendus aut.","2019-01-07","Donato.Rogahn","Kelvin.Hickle68@yahoo.com",0,14
2227127,632263,"Iusto veniam est quae ut modi.","2018-08-24","Emil.Beier45","Fabian49@hotmail.com",0,12
2227128,632264,"Voluptatum et commodi optio quo.","2019-04-07","Isai_Abshire14","Forrest25@yahoo.com",0,29
2227129,632265,"Doloremque non aut quibusdam.","2019-02-15","London.Johnson32","Ottilie7@gmail.com",0,26
2227130,632265,"Maiores fugit excepturi.","2018-08-23","Carli_Witting","Kaylin_Gerlach@gmail.com",0,25
2227131,632265,"Laboriosam vitae voluptatem sed nesciunt inventore soluta deserunt.","2019-03-25","Kenya_Rogahn","Viva_Schimmel87@yahoo.com",0,12
2227132,632266,"Quo impedit ut ea laboriosam tenetur rem et occaecati.","2019-04-05","Natasha.OKeefe90","Ally_Daugherty@gmail.com",0,12
2227133,632266,"In non voluptatem maxime omnis dolor aspernatur cum omnis ipsam.","2019-02-17","Malachi_Daniel61","Tabitha.Krajcik@yahoo.com",0,28
2227134,632266,"Quis ab et.","2019-01-19","Ethel_Price","Merle78@yahoo.com",0,13
2227135,632266,"Aliquam beatae iure dolor sint similique voluptatibus nihil.","2019-07-11","Fannie_Streich","Frankie_Zulauf@gmail.com",0,21
2227136,632266,"Vel sit facilis fuga eaque non repellendus vel accusamus.","2019-01-24","Tressa_Hyatt10","Paul.Lehner@hotmail.com",0,9
2227137,632266,"Quis neque at vel numquam voluptatibus dicta.","2018-10-12","Verda_Schmeler33","Hoyt_Reinger@hotmail.com",0,28
2227138,632266,"Sit aliquid aut sequi.","2019-05-05","Precious55","Frances4@yahoo.com",0,9
2227139,632266,"Nostrum delectus aliquid voluptates voluptatem repellendus non tenetur sed.","2018-12-07","Raoul_Corkery","Okey_Bartell19@hotmail.com",0,14
2227140,632266,"Deserunt et et corporis.","2018-12-17","Giuseppe36","Jeanne.Hodkiewicz96@hotmail.com",0,2
2227141,632267,"Odit non consequatur omnis qui nostrum harum eaque ducimus aut.","2019-02-15","Wilburn14","Antonia_Batz@yahoo.com",0,26
2227142,632268,"Rerum laboriosam eligendi.","2019-07-11","Guy_Lockman","Bartholome.Greenfelder@hotmail.com",0,13
2227143,632269,"Nihil iste hic perferendis eligendi dolore.","2019-01-17","Elenora88","Chelsea_Hartmann@hotmail.com",0,22
2227144,632269,"Maiores reiciendis nostrum iusto nemo possimus sit saepe aut aliquid.","2018-08-17","Jean.Auer45","Noelia8@gmail.com",1,5
2227145,632269,"Explicabo possimus fugiat.","2019-03-06","Nicholas_Hills","Malika74@gmail.com",0,26
2227146,632269,"Esse nostrum quo harum in eos.","2019-06-13","Pamela.Rutherford12","Cristian.Streich84@hotmail.com",0,0
2227147,632270,"Esse enim tempora.","2019-07-10","Sigrid98","Dewayne_Strosin@yahoo.com",0,14
2227148,632270,"Dolore praesentium voluptatem dolor voluptas necessitatibus.","2018-12-27","Colleen_Tillman90","Angel.Balistreri70@hotmail.com",0,13
2227149,632271,"Unde tenetur ipsum doloribus nobis enim hic.","2019-04-14","Elbert.Metz37","Barney91@hotmail.com",0,29
2227150,632271,"Velit libero vitae dolores perspiciatis praesentium aut.","2018-09-24","Sven.Koss","Israel.Hoppe@gmail.com",0,9
2227151,632271,"Assumenda sunt quas explicabo.","2019-05-06","Orville.Leuschke","Johnathan_Ondricka54@yahoo.com",0,29
2227152,632271,"Molestiae voluptas corrupti molestias rerum ea.","2018-10-17","Johnnie61","Jaqueline.Toy41@hotmail.com",0,14
2227153,632271,"Et magni suscipit veniam maxime doloremque commodi.","2019-05-06","Lambert_Monahan","Genevieve_Mante48@yahoo.com",0,26
2227154,632272,"Deleniti accusantium mollitia doloribus culpa sunt repellendus eaque sapiente.","2018-09-09","Timothy.McClure","Serenity.Funk@gmail.com",1,1
2227155,632272,"Dolorem quae sed quos rem.","2018-08-09","Winston14","Krystal.Homenick39@hotmail.com",0,20
2227156,632272,"Sunt sit nobis ipsa amet ut impedit enim.","2018-09-13","Abraham.Mann85","Coralie.West80@gmail.com",0,16
2227157,632272,"Aperiam et sint dolor aspernatur neque minima quia laborum id.","2019-01-23","Forrest_Bartoletti75","Wilburn.Altenwerth@hotmail.com",0,10
2227158,632272,"Et rem magnam dicta vitae et a consectetur dolorum.","2019-03-23","Lee.Brakus","Dominic_Goodwin@gmail.com",0,27
2227159,632273,"Consequatur sequi sunt non iure.","2019-05-02","Gustave.Wisoky38","Vivien.Jakubowski9@yahoo.com",0,14
2227160,632274,"Et atque necessitatibus ea cupiditate.","2019-01-05","Abelardo_Considine","Ruthie62@hotmail.com",0,2
2227161,632274,"Maxime minus culpa recusandae dolores facilis atque consequuntur illum.","2018-08-20","Lila.Hegmann46","Giovanna.Crona@gmail.com",0,17
2227162,632274,"Natus sunt tempora exercitationem possimus.","2019-01-15","Genevieve.Welch","Peggie_Hartmann@yahoo.com",1,24
2227163,632275,"Et odio hic dicta aperiam non quam voluptatem eveniet enim.","2018-10-17","Valentin42","Pearl68@hotmail.com",0,3
2227164,632275,"Voluptatem veniam occaecati aut eos sapiente aut.","2019-05-02","Ottis61","Karina26@hotmail.com",0,15
2227165,632275,"Temporibus quis quidem at omnis consequatur praesentium reiciendis.","2019-03-28","Mallie93","Lewis76@gmail.com",0,3
2227166,632275,"Sit officiis qui.","2018-12-28","Vernon_Blanda8","Brown22@gmail.com",0,26
2227167,632275,"Repellat occaecati nisi rem aut.","2019-05-26","Lacy.Rolfson68","Kiley33@yahoo.com",0,24
2227168,632275,"Quos ducimus quis facilis.","2019-01-23","Jerome_Bednar","Royal.Jast@hotmail.com",0,28
2227169,632276,"Aperiam consequatur dignissimos eum temporibus ipsa sunt.","2018-11-12","Ken_Rippin","Maurice83@gmail.com",0,10
2227170,632277,"Eaque perferendis dolorem distinctio saepe expedita omnis quas quia.","2019-03-28","Mireya.Kirlin","Donald43@hotmail.com",0,25
2227171,632277,"A omnis molestiae.","2019-02-27","Janice3","Okey.Koepp@gmail.com",0,29
2227172,632277,"Enim assumenda vel necessitatibus dolorem assumenda nulla ut natus facilis.","2019-01-30","Evangeline_Kohler","Rylee_Torp28@yahoo.com",0,11
2227173,632277,"Odit vel et quae ut voluptatibus error voluptatum.","2019-04-24","Nathanial3","Burdette.Rempel68@gmail.com",1,18
2227174,632277,"Non rem voluptatem velit.","2018-09-01","Walker_Schneider54","Jonathon_Carroll@gmail.com",0,27
2227175,632278,"Eos nostrum ut impedit eius corrupti tempore ut.","2018-12-22","Reina_Weber","Winona35@yahoo.com",0,9
2227176,632278,"Distinctio aut eligendi qui quod.","2018-10-03","Amari.Ryan13","Connie28@hotmail.com",0,1
2227177,632278,"Voluptatem fugiat facilis amet.","2019-02-07","Walter17","Francisca_Legros3@yahoo.com",0,7
2227178,632278,"Voluptate ipsum nostrum deleniti iste ipsa nesciunt expedita ut enim.","2018-12-06","Carter_Walker24","April_Halvorson40@yahoo.com",0,5
2227179,632278,"Omnis et aut dignissimos aut vitae recusandae laborum blanditiis asperiores.","2019-04-15","Ramona44","Elmira_Hackett47@hotmail.com",0,4
2227180,632279,"Ea sint omnis est impedit dignissimos dolores et itaque.","2018-12-31","Santos_Sanford86","Keira15@gmail.com",0,2
2227181,632280,"Commodi laudantium maxime omnis.","2018-11-10","Providenci.Lehner27","Junius.Gaylord22@hotmail.com",0,9
2227182,632280,"Sit qui quia quasi molestiae quia dolores et laudantium.","2019-03-14","Giovanny_Feeney","Santa.Mraz65@yahoo.com",0,29
2227183,632281,"Consectetur cupiditate ea animi nobis.","2019-06-05","Roosevelt.Bergstrom1","Edgardo.Mante38@yahoo.com",0,17
2227184,632282,"Nihil eaque est non saepe consequatur.","2019-06-01","Shea10","Kamren_Halvorson98@hotmail.com",0,26
2227185,632282,"Optio reprehenderit corporis et culpa.","2019-07-19","Rosetta45","Shania71@yahoo.com",0,11
2227186,632282,"Officiis illum reprehenderit libero laudantium fugiat libero et sit et.","2018-12-27","Scotty26","Maxine.Considine50@hotmail.com",0,6
2227187,632282,"Molestiae deleniti delectus sed aspernatur magni quod enim nisi eaque.","2018-10-24","Elliot.Tremblay73","Kristy_Botsford@yahoo.com",0,1
2227188,632282,"Eveniet ab veniam officia optio debitis.","2018-10-17","Izaiah.Rosenbaum","Jackeline.Lang73@gmail.com",0,23
2227189,632282,"Reprehenderit et tempora.","2018-10-26","Phoebe.Keebler59","Ned_Kessler@hotmail.com",0,18
2227190,632282,"Corrupti nihil ut nobis omnis.","2019-02-28","Neil.Kutch91","Emmanuel_Romaguera14@hotmail.com",0,15
2227191,632282,"Ullam tempora earum dolor.","2019-05-14","Gaetano.Orn","Katrine.Ratke@gmail.com",0,11
2227192,632283,"Reprehenderit nihil ea facilis.","2019-04-01","Rachelle_Heller15","Ola.Rowe68@gmail.com",0,7
2227193,632283,"In quibusdam voluptatem voluptatum ipsum.","2018-09-13","Meagan25","Belle_Kuhlman81@gmail.com",0,24
2227194,632283,"Tempora ut magni velit a.","2019-06-13","Murl.Ebert30","Armando94@gmail.com",0,15
2227195,632283,"Non eos sit dicta non ut esse quam dolores.","2018-10-26","Vincent_Kozey","Tianna87@yahoo.com",0,4
2227196,632283,"Animi sed et veniam esse nisi quis.","2018-12-26","Eldred.Bednar16","Pasquale62@hotmail.com",0,12
2227197,632283,"Occaecati a accusamus dignissimos.","2019-02-25","Deon.Smith16","Corine_Heidenreich55@yahoo.com",0,1
2227198,632284,"Itaque in et magnam facilis.","2018-08-26","Gino89","Lauren.Stanton83@hotmail.com",1,6
2227199,632284,"Eaque aliquid adipisci qui culpa sunt at cum totam possimus.","2019-01-29","Rodolfo_Windler","Dedric15@hotmail.com",1,29
2227200,632284,"Repellendus numquam omnis.","2018-12-30","Jacinto_Runte29","Henriette90@hotmail.com",0,26
2227201,632285,"Odio quis eius expedita deleniti perferendis.","2018-11-29","Kole_Lind22","Estel.Runolfsson@yahoo.com",0,20
2227202,632285,"Fuga dolorem maiores labore culpa consectetur.","2019-07-24","King.Hudson22","Kiera.Kuphal@gmail.com",0,9
2227203,632285,"Ut sit voluptatem.","2018-08-28","Guadalupe_Toy61","Nicolas.Grady@yahoo.com",0,4
2227204,632285,"Harum et voluptatem quaerat nulla saepe hic.","2019-01-15","Ettie66","Rasheed88@hotmail.com",0,26